<?xml version="1.0" encoding="UTF-8"?>
<model package="rocketbooking" baseClass="xPDOObject" platform="mysql" defaultEngine="MyISAM" phpdoc-package="rocketbooking" version="1.1">

    <object class="RocketBookingEvent" table="rocketgallery_event" extends="xPDOSimpleObject">
        <field key="name" dbtype="varchar" precision="255" phptype="string" null="false" default="" />
        <field key="description" dbtype="text" phptype="string" null="false" default="" />
        <field key="price" dbtype="decimal" precision="6,2" attributes="unsigned" phptype="float" null="false" default="0" />
        <field key="rank" dbtype="integer" precision="5" attributes="unsigned" phptype="integer" null="false" default="0" />
        <field key="type" dbtype="integer" precision="1" attributes="unsigned" phptype="integer" null="false" default="0" />
        <field key="published" dbtype="integer" precision="1" attributes="unsigned" phptype="integer" null="false" default="1" />
        <composite alias="Table" class="RocketBookingTable" local="id" foreign="event" cardinality="many" owner="local" />
    </object>

    <object class="RocketBookingTable" table="rocketgallery_table" extends="xPDOSimpleObject">
        <field key="name" dbtype="varchar" precision="255" phptype="string" null="false" default="" />
        <field key="description" dbtype="text" phptype="string" null="false" default="" />
        <field key="price" dbtype="decimal" precision="6,2" attributes="unsigned" phptype="float" null="false" default="0" />
        <field key="rank" dbtype="integer" precision="5" attributes="unsigned" phptype="integer" null="false" default="0" />
        <field key="type" dbtype="integer" precision="1" attributes="unsigned" phptype="integer" null="false" default="0" />
        <field key="published" dbtype="integer" precision="1" attributes="unsigned" phptype="integer" null="false" default="1" />
        <field key="event" dbtype="integer" precision="10" attributes="unsigned" phptype="integer" null="false" default="0" index="index" />
        <composite alias="Seat" class="RocketBookingSeat" local="id" foreign="table" cardinality="many" owner="local" />
        <aggregate alias="Event" class="RocketBookingEvent" local="event" foreign="id" cardinality="one" owner="foreign" />
    </object>

    <object class="RocketBookingSeat" table="rocketgallery_seats" extends="xPDOSimpleObject">
        <field key="title" dbtype="text" phptype="string" null="false" default="" />
        <field key="desc" dbtype="text" phptype="string" null="false" default="" />
        <field key="rank" dbtype="integer" precision="5" attributes="unsigned" phptype="integer" null="false" default="0" />
        <field key="type" dbtype="integer" precision="1" attributes="unsigned" phptype="integer" null="false" default="0" />
        <field key="published" dbtype="integer" precision="1" attributes="unsigned" phptype="integer" null="false" default="1" />
        <field key="table" dbtype="integer" precision="10" attributes="unsigned" phptype="integer" null="false" default="0" index="index" />
        <aggregate alias="Table" class="RocketBookingTable" local="table" foreign="id" cardinality="one" owner="foreign" />
    </object>
</model>
